customer_id,customer_name,email,city,state,registration_date
1,Lisa Aguirre,deankarl@green.com,Elliottton,Maryland,2024-08-22
2,Breanna Williams DDS,tracy43@mendoza.com,Jimenezchester,Delaware,2024-10-04
3,Hannah Cooper,paularodriguez@brooks.com,Lorichester,North Carolina,2025-05-26
4,Jonathan Ayers,chloeweiss@hotmail.com,Alexanderhaven,Ohio,2023-09-26
5,Alicia Wells,monicaherrera@hotmail.com,New James,California,2024-07-07
6,Rachel Reynolds,jenniferallen@barry.biz,Mariaton,Montana,2024-08-03
7,Thomas Hickman,millersherry@yahoo.com,Murphyland,Delaware,2024-11-16
8,Connor Richardson,jacquelinevega@hotmail.com,Ashleyland,Tennessee,2024-05-14
9,Connor Anthony,hmiller@yahoo.com,Port Michaelstad,Maine,2025-04-01
10,Ryan Wolf,humphreysharon@walker.net,Lake Christopher,Arizona,2025-05-31
11,Alexander Kaiser,carrchad@schmidt.com,Michaeltown,South Carolina,2024-10-17
12,Megan Davis,stacey97@wolf.net,Kathrynchester,Maine,2024-04-22
13,Sonya Walls,kdominguez@yahoo.com,Sanchezstad,Alabama,2024-10-10
14,Angela Ramirez,asmith@yahoo.com,New Bradley,Idaho,2025-05-27
15,Todd Pierce,brownrichard@harrington.biz,North Marissaview,Nebraska,2025-06-15
16,Paul Gillespie,melissa52@gmail.com,Jamesport,Wisconsin,2024-06-30
17,Daniel Solis,richard46@hood-franklin.com,East Chadland,Wisconsin,2024-09-20
18,Amy Skinner,jennifer41@gutierrez.com,Port Herberthaven,South Dakota,2025-02-24
19,Brenda Lloyd,marshalljerry@gmail.com,Normanview,Washington,2024-08-20
20,Jessica Martin,sean30@hotmail.com,West Katieside,Iowa,2025-01-19
21,Jason Jordan,wesley92@yahoo.com,Jonesfort,Tennessee,2024-07-12
22,Haley Booth,nicholaspeterson@gomez.net,Danielleburgh,Utah,2024-02-27
23,Daniel Nelson,adamsmonica@ferguson.com,Freemanfurt,Maine,2024-05-03
24,Kathryn Garza,paulmarquez@gardner-ferguson.com,Rodriguezland,Delaware,2025-01-22
25,Curtis Gaines,margaret87@ball.com,East Evelynstad,Hawaii,2024-04-14
26,Jennifer Reyes,adam04@gmail.com,South Seanberg,Louisiana,2024-11-15
27,Angela Jacobs,jonesrebekah@hotmail.com,Gabrielletown,Montana,2025-05-12
28,Michelle Wiggins,laurenvance@yahoo.com,Georgefurt,Louisiana,2024-01-15
29,Deanna Williams,yangelizabeth@andersen.com,Shannonburgh,Michigan,2025-06-10
30,Grace Murphy,diamond34@oliver.org,Michaelbury,Virginia,2024-05-07
31,Charles Peterson,pamelasmith@harrison-palmer.com,New Jose,Vermont,2024-07-07
32,Shaun Moore,christopherryan@yahoo.com,Leefurt,Illinois,2025-05-27
33,David Ray,marisacole@diaz-barr.com,East Scott,California,2023-12-28
34,Heather Diaz,harrisemily@hotmail.com,Sharonmouth,New York,2025-03-17
35,James Green,angelabarry@lucas-robbins.com,South Biancashire,California,2025-01-02
36,William Cooper,jessica84@gmail.com,North Amandaberg,New Hampshire,2024-12-07
37,Jennifer Lopez,erica11@gmail.com,West Nicole,Missouri,2024-02-13
38,Brenda Gutierrez,wellsstephanie@hotmail.com,Williamsonhaven,Kentucky,2023-11-18
39,Stephanie Cantu,eric60@hotmail.com,New Jasmine,Michigan,2023-08-30
40,Natalie Perez,davidmartin@hotmail.com,Hortonport,Mississippi,2024-02-03
41,Mrs. Samantha Walker,christensensamantha@peters.com,Knightside,California,2024-12-22
42,Danielle Bowen,wsilva@gmail.com,North Caleb,Minnesota,2024-05-05
43,Michelle Cooley,jenkinscharlotte@bolton-edwards.com,East Annaville,New Mexico,2023-11-03
44,Brittany Carter,henry62@gmail.com,South Alexisfurt,Alaska,2023-11-21
45,Jonathan Wiley,dale47@richardson.info,Lewismouth,Massachusetts,2025-02-26
46,Allison Moore,randyhaynes@gmail.com,New Jonathanton,Mississippi,2025-02-16
47,Chad Craig,bob49@gmail.com,North Jonathanstad,Mississippi,2024-02-19
48,Katherine Hansen,rhodesmarilyn@yahoo.com,Willishaven,Oklahoma,2024-06-04
49,Stacey Lawrence,crosslauren@gmail.com,Port Francis,New Hampshire,2024-06-30
50,James Morgan,jennifersellers@huffman.info,Danielshire,Kansas,2023-07-16
51,Vanessa Melendez,roger35@yahoo.com,East Henry,Nevada,2024-10-15
52,Kelly Cunningham,jennifersmith@yahoo.com,South Scott,Alabama,2024-11-06
53,David Crawford,jenkinsmichelle@yahoo.com,Markburgh,New Jersey,2023-09-18
54,Robert Hernandez,gomeznicole@yahoo.com,West Brittney,Indiana,2024-11-22
55,Gregory Parrish,carriedavis@hotmail.com,East Carrieland,Maryland,2024-03-06
56,Sue Phillips,donnamcbride@yahoo.com,Melanieshire,Texas,2024-08-11
57,Thomas Grant,kevin37@sandoval.com,Mcdonaldtown,Louisiana,2024-09-29
58,Gloria Shields,kevingutierrez@hotmail.com,Richardberg,New Mexico,2023-08-18
59,Sarah Freeman,hooperbrittany@hotmail.com,Thomasville,California,2024-10-12
60,Ebony George,jcastillo@gmail.com,Port Dustin,New Hampshire,2023-09-27
61,Michelle Wells,jonathan19@rosales.info,South Ericberg,Vermont,2023-09-07
62,Susan Freeman,cynthia30@riley.com,South Timothy,Arizona,2025-03-19
63,Andrew Moreno,richardgarcia@perez.org,Mooreburgh,Tennessee,2023-08-21
64,Leslie Quinn,salasmegan@campbell.com,North Michael,Maine,2024-11-01
65,Cheyenne Gray,daltonmorgan@chang-romero.com,Port Jeanne,Alabama,2023-08-12
66,Cassandra Mitchell,scott87@pierce.net,Ricardoshire,Rhode Island,2024-11-17
67,Angela Logan,rcampbell@gmail.com,North Megan,Massachusetts,2025-01-26
68,Abigail Mckenzie,housekerry@dalton.com,East Lukeberg,California,2025-05-19
69,Scott Paul,wmyers@ellison-roth.biz,East Patriciaville,West Virginia,2025-03-10
70,Julian Smith,christiancory@walls.com,North Annaport,Washington,2024-01-30
71,James Little MD,harveymelissa@may-smith.org,North Erikaport,Kansas,2024-10-29
72,Joseph Lewis,sellersalexandra@brooks-coleman.info,West Amberside,Nevada,2024-05-30
73,Sarah White,adriancoleman@pierce.com,Nicholashaven,Oregon,2024-03-08
74,Jennifer Martin,qyoung@gmail.com,Brittanytown,Mississippi,2024-03-07
75,Richard Thomas,ritaterry@carlson.com,Nicoleport,Colorado,2024-01-19
76,Sharon Yoder,oharris@yahoo.com,New Daniellefurt,New Hampshire,2024-08-09
77,Erin Boone,hrivera@black.com,Maldonadofort,Vermont,2024-10-21
78,Claire Jenkins,melissarice@cook-martinez.com,North Deniseberg,Wyoming,2024-05-19
79,Bruce Murray,tarawillis@gmail.com,Goodmanmouth,Missouri,2023-11-20
80,Larry Thomas,turnerchristina@yahoo.com,Justinton,California,2024-11-27
81,Susan Preston,michelle60@gmail.com,East Amanda,North Dakota,2024-01-29
82,Katie Carlson,ttran@hotmail.com,Georgehaven,Maine,2024-09-30
83,Jonathon Pittman,harringtonpaula@fisher-wang.org,East Nicholas,Mississippi,2024-06-15
84,Amanda Parker,dhayes@garrett.net,Foxmouth,Virginia,2025-06-18
85,Scott Matthews,suzannemartinez@hotmail.com,Susanberg,Iowa,2024-06-05
86,Timothy Holder MD,nschwartz@gibson.biz,East Lindsayfurt,Texas,2024-08-10
87,Hannah Peck,greenrobert@dunn.com,Victoriaberg,South Dakota,2025-05-24
88,Casey Shaw,joshuadonaldson@crosby-chavez.net,Edwardburgh,Missouri,2025-05-28
89,Bryan Jordan,heather70@hotmail.com,West Erica,Arizona,2025-01-16
90,Tracy Graham,juliedavis@yahoo.com,Steventown,New York,2024-05-30
91,Rebecca Rose,fulleralexandra@scott.com,Port George,Montana,2024-09-19
92,Roberto Reed,charleswilliams@hotmail.com,Collinshaven,Wisconsin,2023-08-30
93,Wesley Mccoy,clarkadrian@carlson.com,Boydshire,Nebraska,2024-02-10
94,Kelly Jenkins,uwarren@robinson.com,Lauraborough,South Dakota,2024-06-21
95,Susan Little,emily38@robinson.com,North Kellyhaven,Texas,2024-06-07
96,Leonard Anderson,mathewsheather@gmail.com,North Gary,Alabama,2024-01-31
97,Erica Keller,scottteresa@yahoo.com,Rachelport,Maryland,2025-06-27
98,David Reed,courtneymckenzie@ho.biz,Nathanielside,New Mexico,2023-11-23
99,Anthony Lyons,matthewsharp@schneider-donaldson.com,Ethanport,New Mexico,2025-02-24
100,Mary Austin,qfoster@hotmail.com,Port Michael,New Hampshire,2024-08-23
101,Wendy Wade,orush@gmail.com,South Josephtown,Wyoming,2025-01-17
102,John Parsons,castillojohn@yahoo.com,Port Joanmouth,Oklahoma,2023-11-10
103,Laura Barajas,snyderwilliam@thomas-maxwell.com,East Jessicachester,Kentucky,2025-04-09
104,Justin Ellis,juliannunez@howard.com,Coleland,South Carolina,2023-10-16
105,Miguel Vazquez,carl58@franco-bates.net,North Christinaville,Idaho,2024-03-29
106,Oscar Cannon,lawrencescott@hotmail.com,Brittanyside,Connecticut,2024-04-03
107,Cynthia Harper,ruben99@santos.org,Rivashaven,Idaho,2024-10-27
108,Stephen Medina,hscott@yahoo.com,Mcneilville,Idaho,2023-10-24
109,Duane Long,ashley45@johnson.net,Cameronside,Alaska,2023-11-11
110,Bruce Hess,tommycarney@hotmail.com,Chanbury,Nebraska,2023-09-22
111,Michael Savage,william57@roberson-massey.com,East Jonathan,Maine,2024-07-19
112,Laura Coffey,moorejustin@hotmail.com,Lake Nicole,Ohio,2023-07-09
113,Shari Bryant,hendersonjamie@gonzales-boone.biz,Julieton,Kentucky,2024-05-12
114,Richard Pineda,morganbrian@yahoo.com,New Emily,New Mexico,2025-05-25
115,Charles Chung,richard61@henderson.org,South Christopher,Arkansas,2024-10-26
116,Courtney Alvarado,michaelmorse@yahoo.com,Johnstonview,Minnesota,2023-08-06
117,Walter Vega,shernandez@todd-bradley.net,Harringtonborough,Virginia,2024-07-07
118,Katrina Douglas,lucasjonathan@hotmail.com,Shariburgh,Washington,2024-11-02
119,Bradley Baxter,justinbailey@hotmail.com,Samanthafurt,Michigan,2023-12-04
120,Amy Flores,michelleking@carlson-carroll.com,New Kevinburgh,Massachusetts,2024-09-29
121,Joseph Alvarado,mespinoza@yahoo.com,Scottport,Arkansas,2023-10-07
122,Lauren Trujillo MD,pjohnston@booker-jackson.com,North Tim,Nevada,2023-09-24
123,Dr. Adam Taylor MD,logan86@chapman.com,Smithburgh,Indiana,2024-05-06
124,Mitchell Bowman,dgordon@stone-moore.com,Edwardstad,New Jersey,2023-08-30
125,Joshua Miller,morgannatalie@long.com,East Victoria,South Carolina,2023-08-11
126,Mr. Justin Dodson,wilkersonlisa@hotmail.com,Lake Robertastad,New York,2024-03-17
127,Mrs. Pamela Jackson,andrew99@yahoo.com,East Lisa,Alabama,2024-05-24
128,Shawn Ortega,davidlee@hotmail.com,Danielbury,Mississippi,2024-03-02
129,Yvonne Johnson DDS,john02@chang.net,North Christina,Florida,2023-07-16
130,Cody Carter,jeremyhowe@gmail.com,South Kimberly,Alaska,2024-12-22
131,Jenna Hamilton,rrodgers@gmail.com,Ericshire,Florida,2023-12-03
132,Diane Howe,zachary42@hall-brown.com,South Steven,Maryland,2023-08-24
133,Karen Thomas,seanhuerta@lopez.info,Lake Andrew,South Carolina,2023-10-11
134,Angela Lam,enorton@yahoo.com,Annettestad,New Hampshire,2024-04-24
135,Robert Rios,stephanie10@hotmail.com,East Craigchester,Rhode Island,2025-04-04
136,Monica Malone DDS,michael55@yahoo.com,Lake Raymondtown,Missouri,2023-07-09
137,Carlos Ochoa,reedjennifer@yahoo.com,Moniquebury,New Mexico,2025-05-02
138,Tony Bautista,llyons@mcdonald-stephens.com,Kimberlyview,Tennessee,2024-01-23
139,Mrs. Connie Morris,eileenwright@hall.com,Lake Anthonymouth,Mississippi,2024-05-06
140,Eric Pena,jstewart@hines-pugh.com,Joshuatown,Arkansas,2024-06-08
141,Donald Cobb,luisdrake@yahoo.com,South Reneeview,Texas,2024-03-12
142,Michael Mcdonald,lgraves@gmail.com,Harrisborough,Iowa,2024-07-16
143,Mrs. Rachel Howard,johnhenry@gmail.com,South Ashleystad,Kentucky,2024-01-11
144,Alvin Humphrey,maryhutchinson@yahoo.com,South Jose,North Dakota,2023-11-11
145,Shannon Graves,ogomez@gmail.com,Paulville,Maine,2023-10-28
146,Justin Parks,kimchristina@yahoo.com,Port Katherine,Florida,2024-11-03
147,Donna Wright,callahanariana@brown-miles.net,North Dianebury,Oklahoma,2023-10-02
148,Andrew Reed,ckim@yahoo.com,Lake Carla,Minnesota,2024-02-12
149,Sean Jackson,wkline@yahoo.com,Lake Dustinberg,Alaska,2024-07-26
150,Lacey Jones,dennismann@yahoo.com,Lake Laura,Kansas,2025-02-18
151,Rachel Richardson,silvaoscar@hotmail.com,New Daniel,North Carolina,2024-11-16
152,Kaylee Campbell,travis18@yahoo.com,South Hunterburgh,Colorado,2025-03-16
153,Andrea Osborn,brian67@yahoo.com,West Douglas,Oregon,2024-07-14
154,Anthony Gallegos,moranangelica@hotmail.com,Port Lori,Arkansas,2025-03-02
155,Dr. Jeffrey Diaz,edwin52@hotmail.com,Lake Melanie,Wyoming,2024-02-13
156,Todd Lawrence,tmorales@mcbride-taylor.info,Jacksonbury,Alaska,2024-08-25
157,Brandon Scott,allisonmary@bonilla-smith.org,Davidbury,Connecticut,2024-11-01
158,Gerald Castillo,riggsbrett@rodriguez.com,Stevenhaven,West Virginia,2024-04-22
159,Christian Hammond,robersonzachary@hotmail.com,Johnsonhaven,Oklahoma,2024-01-04
160,Melissa Fischer,deborah63@gmail.com,South Davidside,Nebraska,2025-04-05
161,Stephanie Holt,sandra42@wagner.com,South Anthony,Nevada,2025-04-28
162,Michael Lane,david00@taylor.com,Stephensstad,New Mexico,2024-11-01
163,Antonio Jones,katherineyork@porter.com,Port William,Oregon,2025-06-21
164,William Brandt,taylorcannon@taylor-aguilar.org,Shannontown,Michigan,2024-02-10
165,Edwin Patel,angela22@gmail.com,Port Robert,South Carolina,2024-08-28
166,Michael Lewis,vjones@mathews.com,Port Monicafurt,Montana,2024-11-22
167,Anthony Stone,paynechristina@yahoo.com,Kevinburgh,Iowa,2024-05-07
168,Jennifer Evans,cruzjason@king.com,West Joan,Minnesota,2025-04-28
169,Deborah Collins,charles05@davis.com,Marciaborough,Arizona,2024-03-10
170,Erin Jones,sydneyclark@gmail.com,Phamport,South Carolina,2024-03-21
171,Kelly Kirk,whayes@hotmail.com,Michaelton,Connecticut,2023-10-12
172,Caleb Miller,angelamoore@gmail.com,Port James,Colorado,2023-11-03
173,Joseph Mitchell,freemanemily@esparza-gilbert.com,South Robert,Iowa,2025-05-09
174,Gregory Roberts,dsnyder@ward-dunn.com,South Paulmouth,North Dakota,2023-12-13
175,Brandon Rivers,april86@robertson.com,Lake Patrick,Massachusetts,2025-05-06
176,Michael Ramsey,espinozapaul@yahoo.com,Andrewberg,South Dakota,2025-02-15
177,Darren Brooks,payneregina@yahoo.com,North Jeremytown,New York,2024-05-11
178,Kenneth Green,emilymartin@collins.com,East John,Pennsylvania,2023-07-07
179,Benjamin Johnson,kfitzpatrick@humphrey.com,Jeffreyfurt,Florida,2024-08-01
180,Dylan Fischer,gabriellesmith@garcia.biz,Port Joshuafurt,Alabama,2023-12-18
181,Troy Hughes,steven03@yahoo.com,Nunezstad,Virginia,2024-10-07
182,Carrie Campos,ujones@castro.com,Nancystad,Georgia,2025-06-02
183,Ethan Gallagher,johnsonlee@gmail.com,West Daniel,Maine,2024-02-26
184,Tiffany Carlson,rowlandpaul@yahoo.com,Lake Theresa,Mississippi,2023-07-04
185,Anthony Cooper,ajones@rowe.com,Stephanieport,Maine,2025-02-12
186,Tammy Harvey,daniel04@hotmail.com,Michaeltown,New Jersey,2024-09-20
187,Heather Johnson,jamesmatthew@poole.com,Prattview,New Hampshire,2025-02-23
188,Sheryl Smith,murillodwayne@hotmail.com,South Deborah,Indiana,2023-12-13
189,Leslie Dennis,camachoronald@gmail.com,New Michaelport,Maine,2024-03-19
190,Patricia Robinson,jamesmunoz@brock-logan.com,Lanceville,Colorado,2025-03-09
191,Edwin Cannon,dking@yahoo.com,Jennyville,Virginia,2024-10-14
192,Bill Chavez,martinezcarolyn@dunlap-rivera.com,West Susanbury,Vermont,2025-05-05
193,Richard Lewis,richardevans@gmail.com,Lake Jeremyton,Nevada,2023-12-07
194,Adrian Kelly,daryl96@yahoo.com,West Amyton,North Carolina,2024-10-14
195,Anthony Hall,dstone@hotmail.com,Aliciaside,Georgia,2025-01-05
196,David Hoffman DVM,sarahcampos@hotmail.com,Cartershire,Oregon,2024-06-20
197,Michael King II,caroline49@gmail.com,Jefferystad,New York,2025-02-06
198,Mrs. Terri Rodriguez,aaronwilson@hotmail.com,Maryville,Texas,2025-04-03
199,Kelly Bell,julie78@gmail.com,Conniemouth,Connecticut,2025-03-13
200,John Sanders,brownstacy@gmail.com,South Francis,Delaware,2024-10-02
201,Nicole Pham,erica09@gmail.com,South Margaret,Oregon,2025-01-31
202,Jeffrey Smith,rmendez@mora.com,Lake Kevin,Maryland,2025-02-09
203,Sheila Lynch,brooksmichael@hotmail.com,Kimberlyton,Utah,2023-08-17
204,Samuel Jackson,sandersmelissa@trujillo-kim.biz,South Meganshire,Maine,2024-11-03
205,Elizabeth Stanley,ismith@yahoo.com,Danielside,Alaska,2023-09-02
206,Allison Bishop,amymiller@garcia.com,East Pamela,Nevada,2024-11-30
207,Tom Paul,pperry@gmail.com,Laurieburgh,Wyoming,2024-05-01
208,Janet Armstrong,debraperez@hotmail.com,East Lisaview,Maryland,2023-08-10
209,John Lucas,jmcmahon@hotmail.com,Lake Josephland,Hawaii,2023-09-11
210,Caleb Hernandez,joseph68@gmail.com,Reesechester,Maryland,2023-10-20
211,Gary Wong,osteele@moore-brown.biz,New Terri,Texas,2024-12-17
212,Christine Powers,jblack@butler.com,North Jonathan,Tennessee,2024-06-13
213,Vanessa Sims,pereznorman@garcia-irwin.com,Lake Sierra,Indiana,2025-01-19
214,Kim Barron,cookjessica@gmail.com,Port Adamburgh,Indiana,2025-05-08
215,Mr. Cole Johnson,denisecamacho@hotmail.com,Gentrytown,Vermont,2025-02-20
216,Nancy Rowe,ymoore@hotmail.com,South Gilbertchester,Kentucky,2023-07-14
217,Dr. Frank Baker,nicolefrye@logan.org,Jamietown,Rhode Island,2024-07-08
218,Craig Morgan,omiller@morrison.com,South Tammy,Oklahoma,2024-04-26
219,Evelyn Reyes,thompsonthomas@yahoo.com,Port Michael,Oregon,2023-08-03
220,Victoria Torres,oweeks@everett.com,Port Michael,Colorado,2024-06-17
221,Amy Bullock,murphyjoseph@woods.com,New Jack,Pennsylvania,2025-01-09
222,Kayla Johnson,oconley@yahoo.com,Jamesview,Wyoming,2024-03-26
223,Patricia Baker,joann16@smith.biz,North Mollyville,Indiana,2025-04-28
224,Marcia Perry,shawsusan@gmail.com,Grantfurt,Virginia,2023-08-28
225,William Adams,madisonbruce@morris.org,Monicafurt,Tennessee,2024-06-23
226,Amy Sutton,heather98@gmail.com,Whitemouth,Illinois,2024-06-01
227,Andrew Delgado,bishopstephanie@gmail.com,Morganhaven,West Virginia,2025-06-15
228,Erik Miller,nicole16@gmail.com,Destinyville,Maryland,2024-01-27
229,Linda Thompson,carolyn91@gaines-phillips.com,Elijahland,Louisiana,2023-10-03
230,Larry Harris,lamjane@hotmail.com,Port Cheryl,Kansas,2024-02-16
231,Jessica Davis,lewiscarl@henderson.com,Gonzalezfurt,Nebraska,2023-11-08
232,Natalie Jacobs,cisnerostyler@gmail.com,Mathewsmouth,Iowa,2023-10-27
233,Katherine Davis,marquezjeffery@gmail.com,Donnaberg,Wisconsin,2025-03-31
234,Lee Alexander,ycarlson@ayala-giles.com,Silvafort,West Virginia,2023-09-29
235,Andrew Ramsey,vhunter@joseph-mathews.com,Danielleside,Nevada,2025-02-02
236,Joel Gutierrez,gardnerheather@hotmail.com,Lake Vincentbury,South Dakota,2025-02-01
237,Catherine Johnson,andrewbrown@yahoo.com,Galvanfurt,Wisconsin,2024-04-01
238,Terry White,ylewis@davis.org,Lake Carolynland,Mississippi,2024-08-04
239,Jason Owen,jgonzalez@glenn.com,North Ashley,Colorado,2024-10-04
240,Brian Adams,faulknerstephen@gmail.com,Arnoldstad,Wyoming,2025-06-24
241,Jorge Ford,nicholasbray@hotmail.com,South Mistybury,Arkansas,2024-11-06
242,Jessica Cook,piercecharles@cain.info,Chanfurt,Nevada,2024-01-11
243,Kenneth Smith,kathy43@russell.com,West Scott,Washington,2024-01-04
244,David Chaney,jennifer74@shelton.net,Port Carlos,Kentucky,2023-11-18
245,Jennifer Oneill,robert29@hotmail.com,Carterchester,Ohio,2025-05-22
246,Pamela Baker,robertfisher@hotmail.com,West Keithton,Rhode Island,2024-12-28
247,Michael Ward,bwallace@king-turner.net,Cherylmouth,Texas,2024-10-21
248,Jaclyn Orozco,alexander77@mendoza.org,Port Joann,Nevada,2025-06-02
249,Lori Tran,owilliamson@thompson.com,Port Michael,Iowa,2024-10-06
250,Crystal Browning DVM,darrell66@hotmail.com,South Felicia,New Jersey,2025-05-20
251,Chad Hall,audrey90@brown.info,Port Angela,Wisconsin,2025-02-03
252,Ashley Duran,jessica84@mckinney.com,Jonesland,New Hampshire,2023-10-31
253,Allison Rivera,zprince@gmail.com,Amystad,Nebraska,2024-08-19
254,Shannon Allen,georgejohnson@church.org,Brownhaven,Hawaii,2023-12-11
255,Dawn Fisher,amanda28@yahoo.com,Randyport,Kentucky,2025-01-09
256,Mark Henderson,christinewatson@scott.net,South Jamesmouth,Tennessee,2023-07-20
257,Emily Jimenez,kelsey00@gmail.com,Port Tammy,Michigan,2023-09-25
258,Nicole Johnson,taylorlisa@hotmail.com,Port Danieltown,North Carolina,2025-01-26
259,Ronald French,christopher66@hotmail.com,Gardnerton,Connecticut,2023-12-11
260,Amber Ward,rachel26@hotmail.com,Tanyaview,Wisconsin,2024-07-13
261,Jonathan Hooper,ycampos@gmail.com,Patrickchester,Arizona,2024-12-19
262,Matthew Johnson,qcarter@torres.biz,Port Sandra,Georgia,2024-11-16
263,Bridget Guerrero,glewis@yahoo.com,Chavezchester,Vermont,2024-03-24
264,Shannon Thomas,tbrewer@mcbride.com,East Jessicashire,Kentucky,2023-11-06
265,Melissa Long,james71@kent-heath.com,New Corey,New Hampshire,2023-11-26
266,Victoria Sanders MD,richard07@stein.info,Robertfort,Oklahoma,2024-02-14
267,Shari Dickerson,penajeremy@hotmail.com,Davisbury,Illinois,2025-04-29
268,Daniel Peterson,ybrown@yahoo.com,Brewerstad,Wisconsin,2025-03-31
269,Brian Doyle,clairemason@yahoo.com,North Elizabeth,Virginia,2023-10-12
270,Brandi Simmons,ryansalinas@roy.info,Lake Amber,Indiana,2025-06-26
271,Sandra King,kellyevan@yahoo.com,North Margaretville,Wyoming,2024-07-15
272,Stephanie Pacheco,lisarodgers@yahoo.com,Phillipstad,Montana,2025-02-03
273,Michele Roth,avilagary@shepherd.com,Michaelberg,Virginia,2024-04-17
274,Jose Smith,colekevin@matthews.com,Salinasborough,Louisiana,2024-01-24
275,Mariah Gonzalez,bonniepineda@hotmail.com,East Cristian,West Virginia,2024-11-25
276,Patricia Chambers,ikim@gmail.com,Davisborough,Minnesota,2024-10-05
277,Jessica Hill,brandondean@gmail.com,East Joseph,Florida,2023-08-26
278,Daniel Johnson,jaimewalker@butler.com,Jesushaven,Alaska,2024-01-12
279,Lori Berg,rlittle@fisher.com,Carterfurt,Alabama,2024-09-09
280,Chloe Jackson,pacedavid@hotmail.com,Stephenburgh,Missouri,2024-05-02
281,Dave Norman,matthewrogers@sanders-sellers.com,West Catherine,Rhode Island,2024-02-07
282,Sophia Mueller,patrickclark@owen.info,Herringchester,Louisiana,2024-05-18
283,Lisa Miller,welchrebecca@schneider.org,Lake Christinaberg,Kentucky,2023-11-07
284,Benjamin Green,timothy16@mcgee.biz,Haleport,Illinois,2025-02-06
285,Scott Parrish,michaelreid@yahoo.com,Tiffanymouth,Montana,2024-04-09
286,David Nguyen,wilsonemma@howard.com,Andreaside,Colorado,2024-12-13
287,Jennifer Myers,kvalentine@sharp.net,North Maxwellland,Arkansas,2024-07-09
288,Daniel Perez,josecardenas@moore-nicholson.org,Denisetown,Mississippi,2023-11-06
289,Richard Mills,pamelaparker@yahoo.com,Lake Jonathanbury,Florida,2023-07-26
290,Jeffrey Warren,vbright@yahoo.com,Chapmanfurt,Georgia,2024-03-10
291,Debra Jones,jalexander@bolton-brown.com,South Victorside,South Dakota,2025-01-11
292,Scott Smith,jenniferperez@gmail.com,Jameshaven,Minnesota,2023-11-14
293,Tyrone Frey,smcgrath@yahoo.com,East Nathan,Louisiana,2023-12-15
294,David Potts,flong@hotmail.com,New Karenville,Wyoming,2024-06-21
295,Christine Larson,smithjody@gmail.com,Simsbury,Washington,2023-11-18
296,Charles Kim,taylorelizabeth@gmail.com,Alexanderhaven,Minnesota,2024-03-07
297,Stuart Hughes,oberg@gmail.com,Portertown,Alabama,2023-11-30
298,Katherine Santana,hoffmanjoe@johnson.com,New Kaylaview,Massachusetts,2024-01-26
299,Ryan Martinez,fbailey@hotmail.com,East Brucebury,Tennessee,2024-08-24
300,Darren Guzman,harrismichael@harris-scott.com,New Tyronestad,Ohio,2023-07-15
